filename,width,height,style,complexity,selection_score,annotation_priority,visible_classes,has_walls,has_doors,has_windows,has_furniture
0b79a51a-bede-49d3-b746-44351f4fd1ba.jpg,1021,1280,line_drawing,high,148.2,P1,bathroom;bed;bedroom;chair;door;kitchen;living_room;sink;sofa;stove;table;toilet;wall;wardrobe;window,True,True,True,True
b9298dde-b279-4bca-8dd4-e7e2f226c8af.jpg,920,1280,line_drawing,high,145.8,P1,bathroom;bed;bedroom;chair;door;kitchen;living_room;sink;sofa;stove;table;toilet;wall;wardrobe;window,True,True,True,True
cd95935d-4b46-476b-b4ca-25a562b2a3b2.jpg,882,1600,line_drawing,high,145.0,P1,bathroom;bed;bedroom;chair;door;kitchen;living_room;sink;sofa;stove;table;toilet;wall;wardrobe;window,True,True,True,True
c91ef926-2ca3-4d25-a865-b5d11160cc0d.jpg,988,1280,line_drawing,high,144.2,P1,bathroom;bed;bedroom;chair;door;kitchen;living_room;sink;sofa;stove;table;toilet;wall;wardrobe;window,True,True,True,True
87311ed0-fd33-4fad-9a08-4739e56d5c05.jpg,1200,1200,line_drawing,high,143.9,P1,bathroom;bed;bedroom;chair;door;kitchen;living_room;sink;sofa;stove;table;toilet;wall;wardrobe;window,True,True,True,True
a5a289c0-e10a-42da-bd2d-4555496295bf.jpg,880,1600,line_drawing,high,143.8,P1,bathroom;bed;bedroom;chair;door;kitchen;living_room;sink;sofa;stove;table;toilet;wall;wardrobe;window,True,True,True,True
6e8235e1-66f1-4517-b01e-dbbb70943ef5.jpg,1200,1200,line_drawing,high,143.6,P1,bathroom;bed;bedroom;chair;door;kitchen;living_room;sink;sofa;stove;table;toilet;wall;wardrobe;window,True,True,True,True
8ef33834-197e-470e-86c3-c5491ec01511.jpg,873,1280,line_drawing,high,142.2,P1,bathroom;bed;bedroom;chair;door;kitchen;living_room;sink;sofa;stove;table;toilet;wall;wardrobe;window,True,True,True,True
2e2b2f48-38b2-4a27-9206-a4e6b6d149fc.jpg,800,1200,line_drawing,high,142.1,P1,bathroom;bed;bedroom;chair;door;kitchen;living_room;sink;sofa;stove;table;toilet;wall;wardrobe;window,True,True,True,True
48a0a0cb-9f3b-4288-8354-f2db8b497111.jpg,853,1280,line_drawing,high,141.9,P1,bathroom;bed;bedroom;chair;door;kitchen;living_room;sink;sofa;stove;table;toilet;wall;wardrobe;window,True,True,True,True
208c0c6d-4cd2-4ac1-84a1-e7d3cad091ad.jpg,921,1280,line_drawing,high,141.8,P1,bathroom;bed;bedroom;chair;door;kitchen;living_room;sink;sofa;stove;table;toilet;wall;wardrobe;window,True,True,True,True
b2a1a7e3abbe457cce92ac490428bafa.jpg,564,1993,line_drawing,high,141.8,P1,bathroom;bed;bedroom;chair;door;kitchen;living_room;sink;sofa;stove;table;toilet;wall;wardrobe;window,True,True,True,True
ae4cdbb8-e2b5-4e03-82e5-26c97c0abeb6.jpg,1200,1170,line_drawing,high,141.6,P1,bathroom;bedroom;door;kitchen;living_room;wall;window,True,True,True,False
dd9eca17-e850-4c37-a1c6-4745a3a0636d.jpg,797,1280,line_drawing,high,141.1,P1,bathroom;bed;bedroom;chair;door;kitchen;living_room;sink;sofa;stove;table;toilet;wall;wardrobe;window,True,True,True,True
9f997d51-b416-4f08-bfa1-b93584e05dd8.jpg,1001,1104,line_drawing,high,140.7,P1,bathroom;bed;bedroom;chair;door;kitchen;living_room;sink;sofa;stove;table;toilet;wall;wardrobe;window,True,True,True,True
456d94d0-4608-49d8-b0d1-7e411ffe0c10.jpg,960,1280,furnished_color,high,140.6,P1,bathroom;bed;bedroom;chair;door;kitchen;living_room;sink;sofa;stove;table;toilet;wall;wardrobe;window,True,True,True,True
89332ef9-a346-4a53-a645-61ace69768bb.jpg,1200,1237,line_drawing,high,140.5,P1,bathroom;bed;bedroom;chair;door;kitchen;living_room;sink;sofa;stove;table;toilet;wall;wardrobe;window,True,True,True,True
22177c44-e3e1-4d32-8f5f-449416c7f28f.jpg,964,1600,line_drawing,high,140.2,P1,bathroom;bedroom;door;kitchen;living_room;wall;window,True,True,True,False
58e168f2-f421-4997-a370-b22370e8ebc3.jpg,747,1280,line_drawing,high,139.7,P1,bathroom;bed;bedroom;chair;door;kitchen;living_room;sink;sofa;stove;table;toilet;wall;wardrobe;window,True,True,True,True
ccc951d1-7ce8-4546-ba57-99423b65202b.jpg,688,1257,line_drawing,high,138.5,P1,bathroom;bed;bedroom;chair;door;kitchen;living_room;sink;sofa;stove;table;toilet;wall;wardrobe;window,True,True,True,True
f31dba8c-5831-497e-858a-34f84bead0c6.jpg,684,1280,line_drawing,high,138.2,P1,bathroom;bed;bedroom;chair;door;kitchen;living_room;sink;sofa;stove;table;toilet;wall;wardrobe;window,True,True,True,True
e02b17fd-1b10-43dc-81c9-cc3498911f8f.jpg,868,1280,furnished_color,high,138.1,P1,bathroom;bed;bedroom;chair;door;kitchen;living_room;sink;sofa;stove;table;toilet;wall;wardrobe;window,True,True,True,True
e56169f3-b2d4-465c-bbd5-cbcacbfb042f.jpg,981,1280,furnished_color,high,138.1,P1,bathroom;bed;bedroom;chair;door;kitchen;living_room;sink;sofa;stove;table;toilet;wall;wardrobe;window,True,True,True,True
24565d48-3d1a-4fc1-b0ae-592827b657c9.jpg,750,1148,line_drawing,high,138.0,P1,bathroom;bed;bedroom;chair;door;kitchen;living_room;sink;sofa;stove;table;toilet;wall;wardrobe;window,True,True,True,True
938c6fc1-381d-4e9b-83d7-0d5e1aa709e2.jpg,1200,1095,line_drawing,high,137.6,P1,bathroom;bedroom;door;kitchen;living_room;wall;window,True,True,True,False
8403e0d1-923a-4474-b7db-3ad8acf0863a.jpg,1080,935,furnished_color,high,137.2,P1,bathroom;bed;bedroom;chair;door;kitchen;living_room;sink;sofa;stove;table;toilet;wall;wardrobe;window,True,True,True,True
67bee77cde82164884b9f642563539b2_2.jpg,736,1799,line_drawing,high,137.2,P1,bathroom;bedroom;door;kitchen;living_room;wall;window,True,True,True,False
fee59751-e33c-4787-9cf6-e16bcfac73c7.jpg,686,1188,line_drawing,high,136.4,P1,bathroom;bed;bedroom;chair;door;kitchen;living_room;sink;sofa;stove;table;toilet;wall;wardrobe;window,True,True,True,True
009b1b7a-ff37-4d1a-9d6c-47b8bd4862b2.jpg,775,1280,line_drawing,high,136.2,P1,bathroom;bedroom;door;kitchen;living_room;wall;window,True,True,True,False
ebb42e5a-9488-49bd-9b26-ffa78743e87f.jpg,821,1280,line_drawing,high,136.0,P1,bathroom;bedroom;door;kitchen;living_room;wall;window,True,True,True,False
62aa0bcb-18bd-4a11-9f7e-6f65365ff4be.jpg,709,1024,line_drawing,high,135.6,P1,bathroom;bed;bedroom;chair;door;kitchen;living_room;sink;sofa;stove;table;toilet;wall;wardrobe;window,True,True,True,True
ef320344-ea55-4976-9b95-0f1e1dc643ad.jpg,1200,1200,line_drawing,high,135.5,P1,bathroom;bedroom;door;kitchen;living_room;wall;window,True,True,True,False
229ae24b-cf49-47e0-b468-23c65fa4eb23.jpg,735,1280,furnished_color,high,135.4,P1,bathroom;bed;bedroom;chair;door;kitchen;living_room;sink;sofa;stove;table;toilet;wall;wardrobe;window,True,True,True,True
526bd6b8-29bd-42c8-b231-c5580880a7fe.jpg,686,960,line_drawing,high,135.3,P1,bathroom;bed;bedroom;chair;door;kitchen;living_room;sink;sofa;stove;table;toilet;wall;wardrobe;window,True,True,True,True
852f2a15-23c8-45aa-93f4-e65267a48d12.jpg,1024,882,line_drawing,high,135.3,P1,bathroom;bedroom;door;kitchen;living_room;wall;window,True,True,True,False
64264b7a-b41e-4695-9708-90db5d7db793.jpg,669,1260,line_drawing,high,135.1,P1,bathroom;bedroom;door;kitchen;living_room;wall;window,True,True,True,False
56db67df-d853-4289-ac26-d927001e4e97.jpg,960,1280,line_drawing,high,135.0,P1,bathroom;bedroom;door;kitchen;living_room;wall;window,True,True,True,False
48dfdc56-913f-4504-a423-5501910cd5d2.jpg,1200,1191,line_drawing,high,134.6,P1,bathroom;bedroom;door;kitchen;living_room;wall;window,True,True,True,False
72aab0a0-c546-4e47-addd-abd510c5bf79.jpg,1200,927,line_drawing,high,134.5,P1,bathroom;bedroom;door;kitchen;living_room;wall;window,True,True,True,False
c0809e8f-ec3a-4b67-b4f2-f2c3c5df2cb7.jpg,720,1387,line_drawing,high,134.5,P1,bathroom;bedroom;door;kitchen;living_room;wall;window,True,True,True,False
f195f446-4b67-4f62-ad4d-a7c9c52738c5.jpg,828,990,line_drawing,high,134.5,P1,bathroom;bedroom;door;kitchen;living_room;wall;window,True,True,True,False
577f8173-8c69-4ac6-a63c-d9ffdcbc3e43.jpg,736,1234,line_drawing,high,134.4,P1,bathroom;bedroom;door;kitchen;living_room;wall;window,True,True,True,False
d867781a-61d5-4ef2-b5a2-523349332c19.jpg,736,1045,line_drawing,high,134.2,P1,bathroom;bed;bedroom;chair;door;kitchen;living_room;sink;sofa;stove;table;toilet;wall;wardrobe;window,True,True,True,True
2953a039-387c-48dc-ab13-fdb3b4bb49e4.jpg,745,1280,line_drawing,high,134.2,P1,bathroom;bedroom;door;kitchen;living_room;wall;window,True,True,True,False
4a17677b-cff0-4922-a564-4768195fe5a9.jpg,1200,899,line_drawing,high,134.2,P1,bathroom;bedroom;door;kitchen;living_room;wall;window,True,True,True,False
324b13fd516c69a6692e239128b85ef0.jpg,736,1104,line_drawing,high,134.0,P1,bathroom;bed;bedroom;chair;door;kitchen;living_room;sink;sofa;stove;table;toilet;wall;wardrobe;window,True,True,True,True
8965571d50de06f23f465485f99b38e5.jpg,736,1334,line_drawing,high,133.8,P1,bathroom;bedroom;door;kitchen;living_room;wall;window,True,True,True,False
547c0f5466cc085e691199e08faa2f1d.jpg,736,1378,line_drawing,high,133.7,P1,bathroom;bedroom;door;kitchen;living_room;wall;window,True,True,True,False
b88ccc72-dfe3-44fa-ba84-d95d29bcb9cb.jpg,1200,1091,line_drawing,high,133.7,P1,bathroom;bedroom;door;kitchen;living_room;wall;window,True,True,True,False
45f650d7-83ae-4096-bc42-71d492e14795.jpg,1000,1142,line_drawing,high,133.4,P1,bathroom;bedroom;door;kitchen;living_room;wall;window,True,True,True,False
f24ccf56-6a5b-4e79-a6df-b7d7536c671a.jpg,804,1049,line_drawing,high,133.2,P1,bathroom;bedroom;door;kitchen;living_room;wall;window,True,True,True,False
7c982f8e-a3fa-44ed-95b1-8dcd8b9321c2.jpg,656,1280,furnished_color,high,133.0,P1,bathroom;bed;bedroom;chair;door;kitchen;living_room;sink;sofa;stove;table;toilet;wall;wardrobe;window,True,True,True,True
a6b760d4-27da-4bea-9eb9-4c7639086d64.jpg,682,1280,furnished_color,high,132.9,P1,bathroom;bed;bedroom;chair;door;kitchen;living_room;sink;sofa;stove;table;toilet;wall;wardrobe;window,True,True,True,True
80bba40b-33b1-4bac-94b0-1033f371a927.jpg,736,1212,line_drawing,high,132.9,P1,bathroom;bedroom;door;kitchen;living_room;wall;window,True,True,True,False
6571e738-017c-4383-a340-0629e68dbdc8.jpg,658,1280,line_drawing,high,132.8,P1,bathroom;bedroom;door;kitchen;living_room;wall;window,True,True,True,False
6ef6db7d-85a4-4bf5-abca-96c22d78902a.jpg,738,1280,line_drawing,high,132.8,P1,bathroom;bedroom;door;kitchen;living_room;wall;window,True,True,True,False
fd0fa646-f01a-4be6-83e5-e4f3dfa534e7.jpg,750,1000,line_drawing,high,132.8,P1,bathroom;bedroom;door;kitchen;living_room;wall;window,True,True,True,False
4c0c3736-f47a-4d93-bc32-35a1457246ea.jpg,855,1071,line_drawing,high,132.7,P1,bathroom;bedroom;door;kitchen;living_room;wall;window,True,True,True,False
b974b88c-1fdf-4992-a6d9-290ae2a6e04e.jpg,669,1228,line_drawing,high,132.6,P1,bathroom;bedroom;door;kitchen;living_room;wall;window,True,True,True,False
72dd621c-24fe-45ee-b8be-c177f3dfc4fb.jpg,667,1280,furnished_color,high,132.2,P1,bathroom;bed;bedroom;chair;door;kitchen;living_room;sink;sofa;stove;table;toilet;wall;wardrobe;window,True,True,True,True
528de101-2f0f-4378-930a-39b5e47bbbc4.jpg,737,1280,line_drawing,high,132.2,P1,bathroom;bedroom;door;kitchen;living_room;wall;window,True,True,True,False
8906018545e276d2e21e5220c62074f1.jpg,736,941,line_drawing,high,132.1,P1,bathroom;bed;bedroom;chair;door;kitchen;living_room;sink;sofa;stove;table;toilet;wall;wardrobe;window,True,True,True,True
7773bc372db591fb8a7c986aa254faa7.jpg,736,1219,line_drawing,high,132.1,P1,bathroom;bedroom;door;kitchen;living_room;wall;window,True,True,True,False
74573ccf2c67f3dc9ab67d439fb3d96d.jpg,736,1091,line_drawing,high,132.0,P1,bathroom;bed;bedroom;chair;door;kitchen;living_room;sink;sofa;stove;table;toilet;wall;wardrobe;window,True,True,True,True
034c4f79227c02d36596aae1afd3ecea.jpg,735,1040,line_drawing,high,131.9,P1,bathroom;bedroom;door;kitchen;living_room;wall;window,True,True,True,False
b208624b-f074-4e52-8f9e-f41b22b859d2.jpg,800,895,line_drawing,high,131.9,P1,bathroom;bedroom;door;kitchen;living_room;wall;window,True,True,True,False
74b0ed9a-320d-4c7c-97f3-a56d2d616ff4.jpg,900,900,line_drawing,high,131.9,P1,bathroom;bedroom;door;kitchen;living_room;wall;window,True,True,True,False
201af510-63a1-4b08-a1ad-7274f8f71831.jpg,720,1197,line_drawing,high,131.8,P1,bathroom;bedroom;door;kitchen;living_room;wall;window,True,True,True,False
0822b6f2-81aa-4f42-9c5f-529e78643b28.jpg,750,900,line_drawing,high,131.7,P1,bathroom;bed;bedroom;chair;door;kitchen;living_room;sink;sofa;stove;table;toilet;wall;wardrobe;window,True,True,True,True
c76c483be21fdbb969e92e4f0a3ab829.jpg,736,869,line_drawing,high,131.7,P1,bathroom;bed;bedroom;chair;door;kitchen;living_room;sink;sofa;stove;table;toilet;wall;wardrobe;window,True,True,True,True
03b6ce0c-b47c-41a1-96d1-11e62ea1ceaf.jpg,704,1280,line_drawing,high,131.6,P1,bathroom;bedroom;door;kitchen;living_room;wall;window,True,True,True,False
2dc5bff5-9861-4449-bfcd-a934a3904781.jpg,942,1280,furnished_color,high,131.4,P1,bathroom;bed;bedroom;chair;door;kitchen;living_room;sink;sofa;stove;table;toilet;wall;wardrobe;window,True,True,True,True
714aced82de7341fa2677af01c144ec9.jpg,735,1048,furnished_color,high,131.3,P1,bathroom;bed;bedroom;chair;door;kitchen;living_room;sink;sofa;stove;table;toilet;wall;wardrobe;window,True,True,True,True
52f72a44f7b22d004dc212223ddf96ba.jpg,736,935,line_drawing,high,131.2,P1,bathroom;bedroom;door;kitchen;living_room;wall;window,True,True,True,False
842a92fc-bd47-4618-8823-314c7fdf037e.jpg,900,1200,line_drawing,high,131.0,P1,bathroom;bedroom;door;kitchen;living_room;wall;window,True,True,True,False
1ef37113fd4113a1aeb8b0e694ad3320.jpg,735,867,line_drawing,high,131.0,P1,bathroom;bed;bedroom;chair;door;kitchen;living_room;sink;sofa;stove;table;toilet;wall;wardrobe;window,True,True,True,True
64fd63aeaf3a9c639dab94b9e9014d7f.jpg,736,1041,line_drawing,high,131.0,P1,bathroom;bedroom;door;kitchen;living_room;wall;window,True,True,True,False
6c1fc65c88390710ac0c05b80f5a276f.jpg,735,923,line_drawing,high,131.0,P1,bathroom;bedroom;door;kitchen;living_room;wall;window,True,True,True,False
65fce43ecf1817bc941558229757c178.jpg,736,1026,furnished_color,high,130.9,P1,bathroom;bed;bedroom;chair;door;kitchen;living_room;sink;sofa;stove;table;toilet;wall;wardrobe;window,True,True,True,True
42b92acb-8c13-45e1-bfb7-9185f0199d8e.jpg,749,1157,line_drawing,high,130.4,P1,bathroom;bedroom;door;kitchen;living_room;wall;window,True,True,True,False
4bead84e-a43c-45d6-9a4f-b081b1f1d769.jpg,755,1100,line_drawing,high,130.1,P1,bathroom;bedroom;door;kitchen;living_room;wall;window,True,True,True,False
e77e5e6a-3229-4905-b6f2-19fd377ab44a.jpg,797,1280,line_drawing,high,129.9,P1,bathroom;bedroom;door;kitchen;living_room;wall;window,True,True,True,False
f2b70aa4-a288-4a30-be91-aca2ea066b4f.jpg,720,1280,furnished_color,high,129.9,P1,bathroom;bed;bedroom;chair;door;kitchen;living_room;sink;sofa;stove;table;toilet;wall;wardrobe;window,True,True,True,True
2aeed81973cc79007d80950c456d2620.jpg,657,1168,line_drawing,high,129.8,P1,bathroom;bedroom;door;kitchen;living_room;wall;window,True,True,True,False
d34f12f415f2febef838494c8bbc7472.jpg,735,776,line_drawing,high,129.8,P1,bathroom;bed;bedroom;chair;door;kitchen;living_room;sink;sofa;stove;table;toilet;wall;wardrobe;window,True,True,True,True
456ce1da-3261-44cf-a858-9212de9adc8c.jpg,1162,800,line_drawing,high,129.4,P1,bathroom;bedroom;door;kitchen;living_room;wall;window,True,True,True,False
2922575226f7595d7e2e6cfe53d53898.jpg,735,894,line_drawing,high,129.2,P1,bathroom;bedroom;door;kitchen;living_room;wall;window,True,True,True,False
f0503b1b-f7af-48f5-b179-43b7a7b4244f.jpg,736,825,line_drawing,high,129.2,P1,bathroom;bedroom;door;kitchen;living_room;wall;window,True,True,True,False
648ac238-7536-4171-8ebe-6676ecb23e65.jpg,862,789,line_drawing,high,129.1,P1,bathroom;bedroom;door;kitchen;living_room;wall;window,True,True,True,False
724392c6-916c-4b6e-bb4f-af26040c8c6a.jpg,661,1161,line_drawing,high,129.1,P1,bathroom;bedroom;door;kitchen;living_room;wall;window,True,True,True,False
fc4254ab-6f18-4b55-8e24-e5dfcb4895d1.jpg,904,795,line_drawing,high,128.6,P1,bathroom;bedroom;door;kitchen;living_room;wall;window,True,True,True,False
b5bde570-d2fb-4f0f-9be7-51a5f3c2b416.jpg,736,1042,line_drawing,high,128.5,P1,bathroom;bedroom;door;kitchen;living_room;wall;window,True,True,True,False
80f8f0e1-6284-4862-95f9-ccb23bca906e.jpg,720,819,line_drawing,high,128.4,P1,bathroom;bedroom;door;kitchen;living_room;wall;window,True,True,True,False
e9321095-8689-4462-af2c-bd7d69e0416a.jpg,1070,1280,line_drawing,high,128.3,P1,bathroom;bedroom;door;kitchen;living_room;wall;window,True,True,True,False
646018ad364e5082f5e3c9c0f523adc5.jpg,720,866,line_drawing,high,128.3,P1,bathroom;bedroom;door;kitchen;living_room;wall;window,True,True,True,False
801b6f827a37ebf0a664ab823e7e74f3.jpg,650,852,line_drawing,high,127.8,P1,bathroom;bedroom;door;kitchen;living_room;wall;window,True,True,True,False
de84344c-9ffd-4921-b11c-d9f3ee79eab1.jpg,736,745,line_drawing,high,127.7,P1,bathroom;bedroom;door;kitchen;living_room;wall;window,True,True,True,False
959c42dd-3b05-4bcb-a24e-b8b5e943d4d8.jpg,1199,1157,line_drawing,high,127.7,P1,bathroom;bed;bedroom;chair;door;kitchen;living_room;sink;sofa;stove;table;toilet;wall;wardrobe;window,True,True,True,True
2b9aabd5-a08a-414c-ba70-b305490635b8.jpg,617,1114,line_drawing,high,127.7,P1,bathroom;bed;bedroom;chair;door;kitchen;living_room;sink;sofa;stove;table;toilet;wall;wardrobe;window,True,True,True,True
ff76c233-58af-4126-b6e3-0ef3d4532d93.jpg,646,1208,line_drawing,high,127.5,P1,bathroom;bedroom;door;kitchen;living_room;wall;window,True,True,True,False
10929e2c15b8381c0e64f81f76614c5b.jpg,735,849,line_drawing,high,127.5,P1,bathroom;bedroom;door;kitchen;living_room;wall;window,True,True,True,False
16f877ea-0716-4c22-b807-221bc649163e.jpg,700,1064,line_drawing,high,127.5,P1,bathroom;bedroom;door;kitchen;living_room;wall;window,True,True,True,False
3f7c92bf-4817-496d-a242-91195f24726b.jpg,643,1080,line_drawing,high,127.5,P1,bathroom;bed;bedroom;chair;door;kitchen;living_room;sink;sofa;stove;table;toilet;wall;wardrobe;window,True,True,True,True
02cbb2b3e85c45b219105c38c4235e2a.jpg,736,1145,line_drawing,high,127.3,P1,bathroom;bedroom;door;kitchen;living_room;wall;window,True,True,True,False
fd0f25c0-d94c-4253-971b-cf3b9fe6948c.jpg,1199,674,line_drawing,high,127.2,P1,bathroom;bedroom;door;kitchen;living_room;wall;window,True,True,True,False
94da19bc-7654-43eb-9ba6-ae16efcbf547.jpg,650,929,furnished_color,high,127.1,P1,bathroom;bed;bedroom;chair;door;kitchen;living_room;sink;sofa;stove;table;toilet;wall;wardrobe;window,True,True,True,True
d76b44bb-0041-441b-81bc-d78d5797d671.jpg,873,807,line_drawing,high,127.0,P1,bathroom;bedroom;door;kitchen;living_room;wall;window,True,True,True,False
dfce5a5bc4758423a15863ccfe57ac05.jpg,720,693,line_drawing,high,126.5,P1,bathroom;bedroom;door;kitchen;living_room;wall;window,True,True,True,False
ca1eaecd-1cd8-41b9-827a-01ab6ea5c0dc.jpg,746,915,line_drawing,high,126.4,P1,bathroom;bedroom;door;kitchen;living_room;wall;window,True,True,True,False
6febe6d06bf62361c4678d436c58f62b.jpg,736,669,line_drawing,high,126.3,P1,bathroom;bedroom;door;kitchen;living_room;wall;window,True,True,True,False
6d764a24-3e3d-4b28-97bc-89579f4099cf.jpg,735,984,line_drawing,high,126.1,P1,bathroom;bedroom;door;kitchen;living_room;wall;window,True,True,True,False
099034104bad5a0b0c0b2fec027ffc3b.jpg,735,732,line_drawing,high,125.7,P1,bathroom;bed;bedroom;chair;door;kitchen;living_room;sink;sofa;stove;table;toilet;wall;wardrobe;window,True,True,True,True
3543db3e27739d736f381a4ce4209df2.jpg,735,916,line_drawing,high,125.5,P1,bathroom;bedroom;door;kitchen;living_room;wall;window,True,True,True,False
26e39dbd-9083-47db-9919-97a8167f9496.jpg,768,968,line_drawing,high,125.4,P1,bathroom;bedroom;door;kitchen;living_room;wall;window,True,True,True,False
15e6f51b-63da-46f5-83ee-363c00722908.jpg,750,750,line_drawing,high,124.9,P1,bathroom;bedroom;door;kitchen;living_room;wall;window,True,True,True,False
44f89c7c-0649-4ac8-acf2-5c478c792339.jpg,689,778,line_drawing,high,124.7,P1,bathroom;bedroom;door;kitchen;living_room;wall;window,True,True,True,False
32447bee-9380-4c52-bba2-49bce9e058c4.jpg,649,1176,line_drawing,high,124.6,P1,bathroom;bedroom;door;kitchen;living_room;wall;window,True,True,True,False
8c24d10d-8005-4a6f-9c9a-cb11e9cd9bd9.jpg,735,717,line_drawing,high,124.6,P1,bathroom;bedroom;door;kitchen;living_room;wall;window,True,True,True,False
5cc99e47ed785b4b2c487fee1620724a.jpg,736,879,line_drawing,high,124.6,P1,bathroom;bedroom;door;kitchen;living_room;wall;window,True,True,True,False
c28fbd32-f747-4058-bf7e-597f951a6009.jpg,630,1130,line_drawing,high,124.6,P1,bathroom;bed;bedroom;chair;door;kitchen;living_room;sink;sofa;stove;table;toilet;wall;wardrobe;window,True,True,True,True
cdfdf354d79854cdaa349c359c386092.jpg,736,805,line_drawing,high,124.1,P1,bathroom;bedroom;door;kitchen;living_room;wall;window,True,True,True,False
30d93c0824b026fc1b7862c3e2e5a90f.jpg,735,730,line_drawing,high,124.0,P1,bathroom;bedroom;door;kitchen;living_room;wall;window,True,True,True,False
430ae22b24988d56d4b9944f693ed2c9.jpg,736,988,line_drawing,high,123.7,P1,bathroom;bedroom;door;kitchen;living_room;wall;window,True,True,True,False
e1634116f56c35ce95c076950830b32a.jpg,564,1095,line_drawing,high,123.4,P1,bathroom;bedroom;door;kitchen;living_room;wall;window,True,True,True,False
b6852d9b-5f20-4447-af87-d104659a3b27.jpg,607,1046,line_drawing,high,123.4,P1,bathroom;bedroom;door;kitchen;living_room;wall;window,True,True,True,False
419128e7fe8b88f4f3a43d57a93a51b0.jpg,736,961,line_drawing,high,123.3,P1,bathroom;bedroom;door;kitchen;living_room;wall;window,True,True,True,False
31fa584b354c6862e88b187623094c32.jpg,736,701,line_drawing,high,123.1,P1,bathroom;bedroom;door;kitchen;living_room;wall;window,True,True,True,False
534c2fad-7c36-4d1f-b9dc-bb6a10464dc2.jpg,735,873,line_drawing,high,123.0,P1,bathroom;bedroom;door;kitchen;living_room;wall;window,True,True,True,False
f5ad7747-efae-4e04-b83f-a77c7c7ef20e.jpg,736,681,line_drawing,high,123.0,P1,bathroom;bedroom;door;kitchen;living_room;wall;window,True,True,True,False
26552058-02b9-475a-bc37-5e2fae73947d.jpg,1000,710,line_drawing,high,122.9,P1,bathroom;bedroom;door;kitchen;living_room;wall;window,True,True,True,False
86b91dcc44ee18990c38257771319063.jpg,564,1054,line_drawing,high,122.9,P1,bathroom;bedroom;door;kitchen;living_room;wall;window,True,True,True,False
1f7dd3f5-6bea-42be-b36c-6c90aa060737.jpg,750,735,line_drawing,high,122.8,P1,bathroom;bedroom;door;kitchen;living_room;wall;window,True,True,True,False
af20bc0e-7dac-411b-8273-0890b232f7b9.jpg,736,700,line_drawing,high,122.7,P1,bathroom;bedroom;door;kitchen;living_room;wall;window,True,True,True,False
d8f41862602691075c2798ab48758bac.jpg,736,890,line_drawing,high,122.4,P1,bathroom;bedroom;door;kitchen;living_room;wall;window,True,True,True,False
d8106cbc-9c82-47ea-9daa-8a206275fa00.jpg,720,720,line_drawing,high,122.4,P1,bathroom;bedroom;door;kitchen;living_room;wall;window,True,True,True,False
ce86aee41608795922ba2616aa2346a4.jpg,735,756,line_drawing,high,122.3,P1,bathroom;bedroom;door;kitchen;living_room;wall;window,True,True,True,False
e3ba700efc32ce022299e9b3076f5183.jpg,735,889,line_drawing,high,122.1,P1,bathroom;bedroom;door;kitchen;living_room;wall;window,True,True,True,False
8c6c7571c8fa3d65b33b60611626d13a.jpg,564,740,line_drawing,high,122.0,P1,bathroom;bed;bedroom;chair;door;kitchen;living_room;sink;sofa;stove;table;toilet;wall;wardrobe;window,True,True,True,True
1108d0cea792e660139d165610d4ae82.jpg,735,840,line_drawing,high,122.0,P1,bathroom;bedroom;door;kitchen;living_room;wall;window,True,True,True,False
c2990258c02371030dc5480cfa1a09b2.jpg,653,800,line_drawing,high,121.9,P1,bathroom;bedroom;door;kitchen;living_room;wall;window,True,True,True,False
ae98df4f-06de-44cd-90c3-3265b38c1367.jpg,735,696,line_drawing,high,121.8,P1,bathroom;bedroom;door;kitchen;living_room;wall;window,True,True,True,False
6549ac644ce535a6039b8b8bfdc68f6e.jpg,674,900,furnished_color,high,121.6,P1,bathroom;bed;bedroom;chair;door;kitchen;living_room;sink;sofa;stove;table;toilet;wall;wardrobe;window,True,True,True,True
250d3b53-94fb-4ac0-86f3-16e2df41c8ff.jpg,640,960,furnished_color,high,121.4,P1,bathroom;bed;bedroom;chair;door;kitchen;living_room;sink;sofa;stove;table;toilet;wall;wardrobe;window,True,True,True,True
75e32229cb0eafbd6afccb46aadc07ed.jpg,564,928,line_drawing,high,121.1,P1,bathroom;bedroom;door;kitchen;living_room;wall;window,True,True,True,False
bf9e6f18-5038-434e-99a7-5d4ccff56117.jpg,800,800,line_drawing,high,120.9,P1,bathroom;bedroom;door;kitchen;living_room;wall;window,True,True,True,False
514abf23-42ce-4350-8eaf-a2bc17ebd478.jpg,514,1000,line_drawing,high,120.8,P1,bathroom;bedroom;door;kitchen;living_room;wall;window,True,True,True,False
28ee304ba45dd5587a9addb581d8cf10.jpg,720,817,furnished_color,high,120.8,P1,bathroom;bed;bedroom;chair;door;kitchen;living_room;sink;sofa;stove;table;toilet;wall;wardrobe;window,True,True,True,True
678cd448-fbab-4ddd-a8bf-8b87a608fc41.jpg,588,1000,furnished_color,high,120.7,P1,bathroom;bed;bedroom;chair;door;kitchen;living_room;sink;sofa;stove;table;toilet;wall;wardrobe;window,True,True,True,True
dd38caab51661e959ac2c3e2c84f89ee.jpg,735,899,furnished_color,high,120.7,P1,bathroom;bed;bedroom;chair;door;kitchen;living_room;sink;sofa;stove;table;toilet;wall;wardrobe;window,True,True,True,True
cd16d1cf946f9fee4870b7e7535751cb.jpg,736,862,line_drawing,high,120.6,P1,bathroom;bedroom;door;kitchen;living_room;wall;window,True,True,True,False
4cda645c67022ff60dc8de544cc2af31.jpg,735,655,line_drawing,high,120.3,P1,bathroom;bedroom;door;kitchen;living_room;wall;window,True,True,True,False
d6d64841532716022868cd64ec1f1deb.jpg,736,669,furnished_color,high,120.3,P1,bathroom;bed;bedroom;chair;door;kitchen;living_room;sink;sofa;stove;table;toilet;wall;wardrobe;window,True,True,True,True
2064f9dd00f728258227a1045629be8f.jpg,564,969,line_drawing,high,120.3,P1,bathroom;bedroom;door;kitchen;living_room;wall;window,True,True,True,False
3bcb6e290a9cddfac8e13fbb477cc7a1.jpg,564,1094,line_drawing,high,120.2,P1,bathroom;bedroom;door;kitchen;living_room;wall;window,True,True,True,False
11d9ba31-babc-42ed-9fbd-d09ae05d178c.jpg,564,923,line_drawing,high,120.0,P1,bathroom;bedroom;door;kitchen;living_room;wall;window,True,True,True,False
049ba405-9276-4a83-bad7-8fa0a37f617b.jpg,569,831,line_drawing,high,119.8,P1,bathroom;bedroom;door;kitchen;living_room;wall;window,True,True,True,False
4244384f40acace5fba782d1b54247db.jpg,563,802,line_drawing,high,119.3,P1,bathroom;bedroom;door;kitchen;living_room;wall;window,True,True,True,False
67975817-e725-4ca8-a82d-a691e70dd346.jpg,735,688,line_drawing,high,119.2,P1,bathroom;bedroom;door;kitchen;living_room;wall;window,True,True,True,False
770c10b6-b8ac-4dbe-bde3-979e88337240.jpg,559,640,line_drawing,high,119.0,P1,bathroom;bed;bedroom;chair;door;kitchen;living_room;sink;sofa;stove;table;toilet;wall;wardrobe;window,True,True,True,True
c49305894ce7f7161fd3145d3d4257e7.jpg,560,931,line_drawing,high,119.0,P1,bathroom;bedroom;door;kitchen;living_room;wall;window,True,True,True,False
70607f869fb7db58226ecd20e74f185d.jpg,564,1025,line_drawing,high,118.9,P1,bathroom;bedroom;door;kitchen;living_room;wall;window,True,True,True,False
2a0e67cffb7acbf83547afdac272caa5.jpg,563,768,line_drawing,high,118.8,P1,bathroom;bed;bedroom;chair;door;kitchen;living_room;sink;sofa;stove;table;toilet;wall;wardrobe;window,True,True,True,True
b18cc1b9b2a87ad835af5fd77473b2fe.jpg,564,990,line_drawing,high,118.7,P1,bathroom;bedroom;door;kitchen;living_room;wall;window,True,True,True,False
e0b023b8820d439a83d8d3412b7fe0a7.jpg,564,1002,line_drawing,high,118.6,P1,bathroom;bedroom;door;kitchen;living_room;wall;window,True,True,True,False
b7af2ae1ee2f7e74871d35a9b8ba565c.jpg,736,687,furnished_color,high,118.3,P1,bathroom;bed;bedroom;chair;door;kitchen;living_room;sink;sofa;stove;table;toilet;wall;wardrobe;window,True,True,True,True
cdd7cecc-1121-47fe-9a67-8b0b9041a0f9.jpg,600,821,line_drawing,high,118.2,P1,bathroom;bedroom;door;kitchen;living_room;wall;window,True,True,True,False
8ffec8b8-e717-4680-a03c-cf1e05359454.jpg,604,665,line_drawing,high,118.0,P1,bathroom;bedroom;door;kitchen;living_room;wall;window,True,True,True,False
b041c20012e99519b588d625f2260710.jpg,564,1191,furnished_color,high,118.0,P1,bathroom;bed;bedroom;chair;door;kitchen;living_room;sink;sofa;stove;table;toilet;wall;wardrobe;window,True,True,True,True
5c021e638c83f16fb7bbd5a2acf52568.jpg,509,783,line_drawing,high,118.0,P1,bathroom;bedroom;door;kitchen;living_room;wall;window,True,True,True,False
63eb39c3-a2a9-412c-9884-3efc9269b31f.jpg,626,783,line_drawing,high,117.9,P1,bathroom;bedroom;door;kitchen;living_room;wall;window,True,True,True,False
7005afd9e69bcbf8a23d51bf97f058af.jpg,600,926,line_drawing,high,117.8,P1,bathroom;bedroom;door;kitchen;living_room;wall;window,True,True,True,False
358ffd35-b79e-46c1-934c-1ce9543958f2.jpg,640,903,furnished_color,high,117.8,P1,bathroom;bed;bedroom;chair;door;kitchen;living_room;sink;sofa;stove;table;toilet;wall;wardrobe;window,True,True,True,True
e6796a33-6522-4140-8a7f-3aad46258b23.jpg,564,828,furnished_color,high,117.7,P1,bathroom;bed;bedroom;chair;door;kitchen;living_room;sink;sofa;stove;table;toilet;wall;wardrobe;window,True,True,True,True
7e0362350783203156826681ed0d53c8.jpg,720,619,line_drawing,high,117.5,P1,bathroom;bedroom;door;kitchen;living_room;wall;window,True,True,True,False
0e189b79-ef9e-4947-9c14-91c23b962627.jpg,600,886,line_drawing,high,117.4,P1,bathroom;bedroom;door;kitchen;living_room;wall;window,True,True,True,False
78c5e71996bbc3ed175cde7abc2c6c69.jpg,563,797,line_drawing,high,117.4,P1,bathroom;bedroom;door;kitchen;living_room;wall;window,True,True,True,False
e3b1c7f6-c4d5-4074-9dd4-d29942f2b537.jpg,602,778,line_drawing,high,117.2,P1,bathroom;bedroom;door;kitchen;living_room;wall;window,True,True,True,False
6233ab2e-cba3-4dc8-8b31-90b0a3fde8be.jpg,556,1029,line_drawing,high,117.2,P1,bathroom;bedroom;door;kitchen;living_room;wall;window,True,True,True,False
ff60866727aa08d694ce93b5768ed1cd.jpg,564,850,line_drawing,high,117.2,P1,bathroom;bedroom;door;kitchen;living_room;wall;window,True,True,True,False
237383f6-44dd-4054-8b10-1d357f0a4bcb.jpg,574,960,line_drawing,high,117.2,P1,bathroom;bedroom;door;kitchen;living_room;wall;window,True,True,True,False
244a80fe000e5b8728c17211b2b7525d.jpg,735,607,furnished_color,high,117.2,P1,bathroom;bed;bedroom;chair;door;kitchen;living_room;sink;sofa;stove;table;toilet;wall;wardrobe;window,True,True,True,True
67842412412beae4954c7d298234282a.jpg,617,901,line_drawing,high,117.1,P1,bathroom;bedroom;door;kitchen;living_room;wall;window,True,True,True,False
e1cf7531-9b53-44d7-add7-7983e53fcf96.jpg,607,709,line_drawing,high,117.1,P1,bathroom;bedroom;door;kitchen;living_room;wall;window,True,True,True,False
9aec9d78-fac5-4783-8f28-0486e623dbda.jpg,600,912,line_drawing,high,117.0,P1,bathroom;bedroom;door;kitchen;living_room;wall;window,True,True,True,False
c1137ac6-abe7-4e90-8ac7-a605ef6e017f.jpg,605,1024,line_drawing,high,117.0,P1,bathroom;bedroom;door;kitchen;living_room;wall;window,True,True,True,False
f9312d16-1639-4a4e-b8f5-dceb5b0a43e8.jpg,638,688,furnished_color,high,117.0,P1,bathroom;bed;bedroom;chair;door;kitchen;living_room;sink;sofa;stove;table;toilet;wall;wardrobe;window,True,True,True,True
09ed9c50a84b832c09f2416b5bc6b263.jpg,563,637,line_drawing,high,117.0,P1,bathroom;bedroom;door;kitchen;living_room;wall;window,True,True,True,False
6ba1d00d-4ec7-4123-996b-50fe3a14af79.jpg,500,877,furnished_color,high,117.0,P1,bathroom;bed;bedroom;chair;door;kitchen;living_room;sink;sofa;stove;table;toilet;wall;wardrobe;window,True,True,True,True
3af3432f-ce76-4ea2-b9e4-e948fca83e19.jpg,574,960,line_drawing,high,116.9,P1,bathroom;bedroom;door;kitchen;living_room;wall;window,True,True,True,False
8fba8948-8b12-4fa9-8601-1224b694c107.jpg,564,772,furnished_color,high,116.9,P1,bathroom;bed;bedroom;chair;door;kitchen;living_room;sink;sofa;stove;table;toilet;wall;wardrobe;window,True,True,True,True
61d238a2-1ebd-4259-852f-a676f1d3148b.jpg,622,663,line_drawing,high,116.8,P1,bathroom;bedroom;door;kitchen;living_room;wall;window,True,True,True,False
3a38bf35-7293-4c9b-8b5e-7f360a18faad.jpg,600,589,line_drawing,high,116.8,P1,bathroom;bedroom;door;kitchen;living_room;wall;window,True,True,True,False
e43b39b3-8b4b-46f2-83f0-c9d06522bed0.jpg,564,767,line_drawing,high,116.8,P1,bathroom;bedroom;door;kitchen;living_room;wall;window,True,True,True,False
8b16c85f-3f54-4354-8ddc-3de5ba2ee7c5.jpg,585,1045,line_drawing,high,116.8,P1,bathroom;bedroom;door;kitchen;living_room;wall;window,True,True,True,False
fc915e1bc20c93897f96769b243893d2.jpg,533,1031,furnished_color,high,116.7,P1,bathroom;bed;bedroom;chair;door;kitchen;living_room;sink;sofa;stove;table;toilet;wall;wardrobe;window,True,True,True,True
de1cda19-490f-4ee5-b81d-0a14e176e19f.jpg,559,661,line_drawing,high,116.6,P1,bathroom;bedroom;door;kitchen;living_room;wall;window,True,True,True,False
d17202d87791d5fcb960a01a5a9ea521.jpg,736,574,line_drawing,high,116.6,P1,bathroom;bedroom;door;kitchen;living_room;wall;window,True,True,True,False
5a862cd6f803f5ef7fe555bdca09724f.jpg,564,850,line_drawing,high,116.3,P1,bathroom;bedroom;door;kitchen;living_room;wall;window,True,True,True,False
8548f25bd9e5d7907c3b26bf5d6ddbf4.jpg,564,666,line_drawing,high,116.3,P1,bathroom;bedroom;door;kitchen;living_room;wall;window,True,True,True,False
7416a507-e577-4203-ac54-aed164814173.jpg,564,830,line_drawing,high,116.3,P1,bathroom;bedroom;door;kitchen;living_room;wall;window,True,True,True,False
a66cb8d6-e839-430c-9358-dd2ba429e41a.jpg,564,928,line_drawing,high,116.2,P1,bathroom;bedroom;door;kitchen;living_room;wall;window,True,True,True,False
ea24bf2d2be0d01a5b5e4626d002be27.jpg,564,1034,line_drawing,high,116.2,P1,bathroom;bedroom;door;kitchen;living_room;wall;window,True,True,True,False
bcdae71e-cca6-46fb-ac11-add668ccb2dd.jpg,600,677,furnished_color,high,116.2,P1,bathroom;bed;bedroom;chair;door;kitchen;living_room;sink;sofa;stove;table;toilet;wall;wardrobe;window,True,True,True,True
15ef0034af093766834d189284963be7.jpg,564,564,line_drawing,high,116.0,P1,bathroom;bedroom;door;kitchen;living_room;wall;window,True,True,True,False
529cf0bc02b0babb2ad559ffbe1f6572.jpg,564,564,line_drawing,high,116.0,P1,bathroom;bedroom;door;kitchen;living_room;wall;window,True,True,True,False
96e1d71c-7989-40b6-8ada-9238cdc3b83f.jpg,603,763,line_drawing,high,115.9,P1,bathroom;bedroom;door;kitchen;living_room;wall;window,True,True,True,False
628d81db0bbddc6884c25a85ddd7e278.jpg,550,956,furnished_color,high,115.9,P1,bathroom;bed;bedroom;chair;door;kitchen;living_room;sink;sofa;stove;table;toilet;wall;wardrobe;window,True,True,True,True
ef183d63-ea8d-4845-90a9-1b0bd377e9bc.jpg,658,526,line_drawing,high,115.8,P1,bathroom;bedroom;door;kitchen;living_room;wall;window,True,True,True,False
7cbf882d-0da6-4fc3-abff-88282d6fe4a9.jpg,500,713,line_drawing,high,115.8,P1,bathroom;bedroom;door;kitchen;living_room;wall;window,True,True,True,False
4015a251885268b2f079b38aa637b621.jpg,736,609,line_drawing,high,115.8,P1,bathroom;bedroom;door;kitchen;living_room;wall;window,True,True,True,False
c8abf05b8088d46dc968ca7b20f9086f.jpg,600,713,line_drawing,high,115.6,P1,bathroom;bedroom;door;kitchen;living_room;wall;window,True,True,True,False
bdd544891840b829d4600f1f6be87c5e.jpg,564,997,line_drawing,high,115.6,P1,bathroom;bedroom;door;kitchen;living_room;wall;window,True,True,True,False
63aae498-7e73-4512-bd72-b614031424e2.jpg,613,933,line_drawing,high,115.6,P1,bathroom;bedroom;door;kitchen;living_room;wall;window,True,True,True,False
f2f1471a-29de-48b2-8476-b08851576ddf.jpg,563,639,line_drawing,high,115.5,P1,bathroom;bedroom;door;kitchen;living_room;wall;window,True,True,True,False
c1464b21483035a6d8ff533b4a5a3eea.jpg,735,645,line_drawing,high,115.5,P1,bathroom;bedroom;door;kitchen;living_room;wall;window,True,True,True,False
69f410cc-d020-4033-b080-de81a49c3cf3.jpg,600,579,line_drawing,high,115.4,P1,bathroom;bedroom;door;kitchen;living_room;wall;window,True,True,True,False
0ac1b0c3539d4a56b1acdaf5f4cad477.jpg,563,917,line_drawing,high,115.4,P1,bathroom;bedroom;door;kitchen;living_room;wall;window,True,True,True,False
ad00bc87-51ba-4ba3-b496-5b9e18617173.jpg,625,800,line_drawing,high,115.2,P1,bathroom;bedroom;door;kitchen;living_room;wall;window,True,True,True,False
d21e3bbb7e0bc55795dbc31539700590.jpg,564,870,line_drawing,high,115.1,P1,bathroom;bedroom;door;kitchen;living_room;wall;window,True,True,True,False
be3f5ecacc154340e2d189675e090037.jpg,563,581,line_drawing,high,114.9,P1,bathroom;bedroom;door;kitchen;living_room;wall;window,True,True,True,False
777b1f0ccd6fb6efb19ceb2d59c516c0.jpg,735,588,line_drawing,high,114.9,P1,bathroom;bedroom;door;kitchen;living_room;wall;window,True,True,True,False
9cae52a13f8a3694afe0456333861d17.jpg,563,636,line_drawing,high,114.9,P1,bathroom;bedroom;door;kitchen;living_room;wall;window,True,True,True,False
2006d1ea684a0dd6974e8214ea1277be.jpg,500,778,line_drawing,high,114.9,P1,bathroom;bedroom;door;kitchen;living_room;wall;window,True,True,True,False
12807708d95f6bc726d9e4a7578b73f6.jpg,735,581,line_drawing,high,114.9,P1,bathroom;bedroom;door;kitchen;living_room;wall;window,True,True,True,False
a2af89fb34f6b2fdfa21aac0e0316208.jpg,600,783,line_drawing,high,114.8,P1,bathroom;bedroom;door;kitchen;living_room;wall;window,True,True,True,False
214d746e47373ee57ebf26a1d3e35f5d.jpg,563,639,line_drawing,high,114.7,P1,bathroom;bedroom;door;kitchen;living_room;wall;window,True,True,True,False
d76b12a94c5b79c6bdb1844c696b1a3f.jpg,585,800,line_drawing,high,114.6,P1,bathroom;bedroom;door;kitchen;living_room;wall;window,True,True,True,False
34e2afcc-abab-450e-8c36-61250c881347.jpg,550,617,furnished_color,high,114.5,P1,bathroom;bed;bedroom;chair;door;kitchen;living_room;sink;sofa;stove;table;toilet;wall;wardrobe;window,True,True,True,True
c7320bd3343406cfa57213d268ba2c18.jpg,563,758,line_drawing,high,114.5,P1,bathroom;bedroom;door;kitchen;living_room;wall;window,True,True,True,False
61a4a9fe6b8994e8434a23e9009bac4d.jpg,563,737,line_drawing,high,114.4,P1,bathroom;bedroom;door;kitchen;living_room;wall;window,True,True,True,False
cf5b46cd-363f-4fee-99d0-65affcd6e91e.jpg,510,510,line_drawing,high,114.3,P1,bathroom;bedroom;door;kitchen;living_room;wall;window,True,True,True,False
69a35f1cab485159de27a6085a5a9813.jpg,564,582,furnished_color,high,114.2,P1,bathroom;bed;bedroom;chair;door;kitchen;living_room;sink;sofa;stove;table;toilet;wall;wardrobe;window,True,True,True,True
3c46c6c58ceb7ad23dbcd84d98ff7c36.jpg,563,631,line_drawing,high,114.2,P1,bathroom;bedroom;door;kitchen;living_room;wall;window,True,True,True,False
f43c20500fd4fb5e48c0f26ed1f33639.jpg,600,581,line_drawing,high,114.0,P1,bathroom;bedroom;door;kitchen;living_room;wall;window,True,True,True,False
b635d47c-9b31-4f82-a38d-b6e35e3366d6.jpg,591,585,line_drawing,high,114.0,P1,bathroom;bedroom;door;kitchen;living_room;wall;window,True,True,True,False
46b72ed1a37a4a8bef6044437cc65df9.jpg,736,613,line_drawing,high,114.0,P1,bathroom;bedroom;door;kitchen;living_room;wall;window,True,True,True,False
b8a6a7bf3704e42a7bf5b9b6abbfa676.jpg,563,504,line_drawing,high,113.9,P1,bathroom;bedroom;door;kitchen;living_room;wall;window,True,True,True,False
2b5776438ad28f510697c78dab21bdd9.jpg,563,532,line_drawing,high,113.9,P1,bathroom;bedroom;door;kitchen;living_room;wall;window,True,True,True,False
66de02ba426996c4adbe61f96e113e32.jpg,735,615,line_drawing,high,113.8,P1,bathroom;bedroom;door;kitchen;living_room;wall;window,True,True,True,False
414b75a400d9f7661664c51fb84c7114.jpg,564,700,line_drawing,high,113.6,P1,bathroom;bedroom;door;kitchen;living_room;wall;window,True,True,True,False
fc672a0f881eb1f3f6106ac9194cb205.jpg,564,752,line_drawing,high,113.5,P1,bathroom;bedroom;door;kitchen;living_room;wall;window,True,True,True,False
6f4c73bcd97916a91f2ab0730ee08056.jpg,564,881,line_drawing,high,113.3,P1,bathroom;bedroom;door;kitchen;living_room;wall;window,True,True,True,False
588a216c162f90c27c20a8023ef1a231.jpg,563,666,line_drawing,high,113.2,P1,bathroom;bedroom;door;kitchen;living_room;wall;window,True,True,True,False
291f4d2c9fabc487bcc15036cdba0599.jpg,563,833,line_drawing,high,113.0,P1,bathroom;bedroom;door;kitchen;living_room;wall;window,True,True,True,False
2e2342ef08d91b2e2704b2a5624b961c.jpg,564,618,line_drawing,high,113.0,P1,bathroom;bedroom;door;kitchen;living_room;wall;window,True,True,True,False
ff0fd00cb779b160b09412a3b3579e8b.jpg,564,603,line_drawing,high,112.9,P1,bathroom;bedroom;door;kitchen;living_room;wall;window,True,True,True,False
7a43228b-0ee8-498b-a7dd-00de45c1d99e.jpg,564,595,line_drawing,high,112.8,P1,bathroom;bedroom;door;kitchen;living_room;wall;window,True,True,True,False
f975dcc2-5c3d-45cb-9e64-3773c1b416f0.jpg,563,568,line_drawing,high,112.7,P1,bathroom;bedroom;door;kitchen;living_room;wall;window,True,True,True,False
375f815c56778fcda6c9e14bc16ddfee.jpg,564,522,line_drawing,high,112.6,P1,bathroom;bedroom;door;kitchen;living_room;wall;window,True,True,True,False
b28f9b025cdc004fe64620b3de3c412f.jpg,557,647,line_drawing,high,112.5,P1,bathroom;bedroom;door;kitchen;living_room;wall;window,True,True,True,False
537ba9b7-4218-4c7d-bfb0-3f28d9235ee2.jpg,559,703,line_drawing,high,112.5,P1,bathroom;bedroom;door;kitchen;living_room;wall;window,True,True,True,False
4493db59aedc61c21d80aa7cfde8f12d.jpg,564,798,line_drawing,high,112.4,P1,bathroom;bedroom;door;kitchen;living_room;wall;window,True,True,True,False
09f605ba966478536736dd55ab30daad.jpg,564,565,line_drawing,high,112.3,P1,bathroom;bedroom;door;kitchen;living_room;wall;window,True,True,True,False
6a0cf793aecfc3fc047720cc8e9f1935.jpg,563,567,line_drawing,high,112.3,P1,bathroom;bedroom;door;kitchen;living_room;wall;window,True,True,True,False
e395a65d09876126a69d11b7edc3308c.jpg,563,752,line_drawing,high,112.1,P1,bathroom;bedroom;door;kitchen;living_room;wall;window,True,True,True,False
28306bf5-507f-47a0-86ce-0191200f7273.jpg,736,610,line_drawing,high,111.9,P1,bathroom;bedroom;door;kitchen;living_room;wall;window,True,True,True,False
022a32ac-59fe-45b7-8904-95a4c681a6e0.jpg,540,684,line_drawing,high,111.8,P1,bathroom;bedroom;door;kitchen;living_room;wall;window,True,True,True,False
36b34113fbb9953f89dffbdbfe993664.jpg,564,638,line_drawing,high,111.7,P1,bathroom;bedroom;door;kitchen;living_room;wall;window,True,True,True,False
a5f354db46b3c5681873a8ed8fc7e523.jpg,564,521,line_drawing,high,111.6,P1,bathroom;bedroom;door;kitchen;living_room;wall;window,True,True,True,False
98e2c2ee-b16a-4dea-8c6f-a7f16da3415f.jpg,547,643,line_drawing,high,111.6,P1,bathroom;bedroom;door;kitchen;living_room;wall;window,True,True,True,False
08c75f35-31e5-4502-a484-55ffe9d846d2.jpg,563,699,line_drawing,high,111.5,P1,bathroom;bedroom;door;kitchen;living_room;wall;window,True,True,True,False
11a4cddf2cbf84d17b5d145aee836bad.jpg,564,600,line_drawing,high,111.5,P1,bathroom;bedroom;door;kitchen;living_room;wall;window,True,True,True,False
b0119b7dca5f877a9c72f1b7e4df435c.jpg,564,698,line_drawing,high,111.2,P1,bathroom;bedroom;door;kitchen;living_room;wall;window,True,True,True,False
3ee8baee45a9210e4bfa9fb711e01e93.jpg,563,738,furnished_color,high,111.1,P1,bathroom;bed;bedroom;chair;door;kitchen;living_room;sink;sofa;stove;table;toilet;wall;wardrobe;window,True,True,True,True
a58b73efe540a237805144c7efc010e8.jpg,564,558,line_drawing,high,110.8,P1,bathroom;bedroom;door;kitchen;living_room;wall;window,True,True,True,False
3a9b3bdee884427fd41249531bf9bf5b.jpg,563,546,line_drawing,high,110.3,P1,bathroom;bedroom;door;kitchen;living_room;wall;window,True,True,True,False
d0ff4023c2f57fd1420831b256ba771a.jpg,600,528,line_drawing,high,110.1,P1,bathroom;bedroom;door;kitchen;living_room;wall;window,True,True,True,False
3a4e07d4256b947bd1ab90399fcbdc96.jpg,564,538,furnished_color,high,108.9,P1,bathroom;bed;bedroom;chair;door;kitchen;living_room;sink;sofa;stove;table;toilet;wall;wardrobe;window,True,True,True,True
18053f30-9957-4ba0-8db3-3c82704c4c54.jpg,405,700,line_drawing,high,108.7,P1,bathroom;bedroom;door;kitchen;living_room;wall;window,True,True,True,False
e1f1baaea65df6aea5a1d30903808dac.jpg,563,554,line_drawing,high,108.5,P1,bathroom;bedroom;door;kitchen;living_room;wall;window,True,True,True,False
1d54fcc4309766d2589b3ad079c0aa37.jpg,564,461,line_drawing,high,108.5,P1,bathroom;bedroom;door;kitchen;living_room;wall;window,True,True,True,False
65d634d3-a4d7-43fb-ae21-68566c1c9c17.jpg,452,650,line_drawing,high,108.3,P1,bathroom;bedroom;door;kitchen;living_room;wall;window,True,True,True,False
3ca94a17-6e15-442b-8f90-144ebd25ae1c.jpg,563,449,line_drawing,high,108.3,P1,bathroom;bedroom;door;kitchen;living_room;wall;window,True,True,True,False
071e6c69f936934db8bcd16e9297255d.jpg,564,652,furnished_color,high,108.2,P1,bathroom;bed;bedroom;chair;door;kitchen;living_room;sink;sofa;stove;table;toilet;wall;wardrobe;window,True,True,True,True
53950548-a39b-43ca-ab67-f3e6379a12b7.jpg,474,735,line_drawing,high,108.0,P1,bathroom;bedroom;door;kitchen;living_room;wall;window,True,True,True,False
6a90b060ffab0f5a243b6974c60f631b.jpg,600,549,furnished_color,high,107.8,P1,bathroom;bed;bedroom;chair;door;kitchen;living_room;sink;sofa;stove;table;toilet;wall;wardrobe;window,True,True,True,True
741b8673d8994bc13a424dda35c962d4.jpg,474,481,line_drawing,high,107.7,P1,bathroom;bedroom;door;kitchen;living_room;wall;window,True,True,True,False
2d1da2f6313f1f8151703524dc046c24.jpg,500,688,furnished_color,high,107.7,P1,bathroom;bed;bedroom;chair;door;kitchen;living_room;sink;sofa;stove;table;toilet;wall;wardrobe;window,True,True,True,True
6541f44fc213ab6c397004aa7406bb36.jpg,564,464,line_drawing,high,107.3,P1,bathroom;bedroom;door;kitchen;living_room;wall;window,True,True,True,False
abbc8185-448f-489b-9205-db02592c2b89.jpg,564,583,line_drawing,high,107.2,P1,bathroom;bedroom;door;kitchen;living_room;wall;window,True,True,True,False
4f9aac8f130a99799fafd2bab8bfd6e8.jpg,474,486,line_drawing,high,107.1,P1,bathroom;bedroom;door;kitchen;living_room;wall;window,True,True,True,False
0c7ecd9a-09ea-4bc1-b031-4d8282ba70b8.jpg,474,474,line_drawing,high,106.9,P1,bathroom;bedroom;door;kitchen;living_room;wall;window,True,True,True,False
0b0bb959-49ee-483e-96e0-052a5173f4f7.jpg,476,405,line_drawing,high,106.8,P1,bathroom;bedroom;door;kitchen;living_room;wall;window,True,True,True,False
b92184c9a460e92fd303799fa50f750b.jpg,563,471,furnished_color,high,106.6,P1,bathroom;bed;bedroom;chair;door;kitchen;living_room;sink;sofa;stove;table;toilet;wall;wardrobe;window,True,True,True,True
16fe273f-2eaa-4747-8ac8-cf64c4e9f41b.jpg,474,706,line_drawing,high,106.5,P1,bathroom;bedroom;door;kitchen;living_room;wall;window,True,True,True,False
ab0c854d13c31b5302febbb5084fc652.jpg,564,461,line_drawing,high,106.0,P1,bathroom;bedroom;door;kitchen;living_room;wall;window,True,True,True,False
acf1b86c07a03c443389f330c9b3d968.jpg,400,860,furnished_color,high,105.9,P1,bathroom;bed;bedroom;chair;door;kitchen;living_room;sink;sofa;stove;table;toilet;wall;wardrobe;window,True,True,True,True
168fd9b5-1c1e-4c8e-9be4-ef467fd9ceb5.jpg,474,474,line_drawing,high,105.9,P1,bathroom;bedroom;door;kitchen;living_room;wall;window,True,True,True,False
55c8da1603359b510961c7c05b770f83.jpg,564,494,line_drawing,high,105.9,P1,bathroom;bedroom;door;kitchen;living_room;wall;window,True,True,True,False
2e522b85-9950-457a-9423-1b54203bcd50.jpg,474,474,line_drawing,high,105.7,P1,bathroom;bedroom;door;kitchen;living_room;wall;window,True,True,True,False
94ec234b0aaebad535749853d3e92591.jpg,563,642,line_drawing,high,105.7,P1,bathroom;bedroom;door;kitchen;living_room;wall;window,True,True,True,False
28d6a3353c722b6da58eac6134b478db.jpg,415,684,line_drawing,high,105.7,P1,bathroom;bedroom;door;kitchen;living_room;wall;window,True,True,True,False
e164fd84-c655-4a8c-9e6d-3bf316e4fc6e.jpg,474,627,line_drawing,high,105.6,P1,bathroom;bedroom;door;kitchen;living_room;wall;window,True,True,True,False
1d09f1d6669b388afafba154e94cb1b0.jpg,474,590,line_drawing,high,105.6,P1,bathroom;bedroom;door;kitchen;living_room;wall;window,True,True,True,False
b18353740a315ec822ee51f99d008edc.jpg,400,697,line_drawing,high,105.5,P1,bathroom;bedroom;door;kitchen;living_room;wall;window,True,True,True,False
83bbb846-b9f0-4f3f-8f88-572a5e812fd2.jpg,736,665,line_drawing,high,105.0,P1,bathroom;bedroom;door;kitchen;living_room;wall;window,True,True,True,False
7f9665eca22fadea5be3ee5cc1a9ae7f.jpg,563,485,line_drawing,high,104.6,P1,bathroom;bedroom;door;kitchen;living_room;wall;window,True,True,True,False
48cf2cc31d1f9e3f51f733736cd9841c.jpg,563,461,line_drawing,high,104.2,P1,bathroom;bedroom;door;kitchen;living_room;wall;window,True,True,True,False
b3d00813f7e6cedcd419c61eff0589d7.jpg,564,451,line_drawing,high,103.6,P1,bathroom;bedroom;door;kitchen;living_room;wall;window,True,True,True,False
8c9c246a5549fe41707fbd5624fc1eac.jpg,541,556,color_rendered,high,103.3,P1,bathroom;bedroom;door;kitchen;living_room;wall;window,True,True,True,False
7e2012aca764081f914d0d9db1a58c95.jpg,563,466,line_drawing,high,102.4,P1,bathroom;bedroom;door;kitchen;living_room;wall;window,True,True,True,False
ce1bb8990b20232ee4015a9d87400ae3.jpg,564,423,furnished_color,high,102.4,P1,bathroom;bed;bedroom;chair;door;kitchen;living_room;sink;sofa;stove;table;toilet;wall;wardrobe;window,True,True,True,True
67aa3af5-ecb8-45aa-9a14-86b5ec13d5cd.jpg,451,514,line_drawing,high,102.3,P1,bathroom;bedroom;door;kitchen;living_room;wall;window,True,True,True,False
c8ebbdf2-cd60-41fb-9105-af948ec474c1.jpg,405,605,line_drawing,high,101.5,P1,bathroom;bedroom;door;kitchen;living_room;wall;window,True,True,True,False
80ccff22-684f-4c24-ba4a-0a6d898d4698.jpg,1125,1400,line_drawing,high,99.8,P2,door;wall,True,True,False,False
8d020425ddbcb199af02c7959a11e280.jpg,564,423,line_drawing,high,99.3,P2,bathroom;bedroom;door;kitchen;living_room;wall;window,True,True,True,False
d44a98c9-a92b-4045-8c86-0ce3b8859f13.jpg,394,394,line_drawing,high,80.9,P3,bathroom;bedroom;door;kitchen;living_room;wall;window,True,True,True,False
00b39e9d-bfc0-4dd3-92dd-749a1102f6e0.jpg,391,647,line_drawing,high,80.6,P3,bathroom;bedroom;door;kitchen;living_room;wall;window,True,True,True,False
5dd9d8da-60ef-411b-a93b-67e04f7f99bf.jpg,365,400,line_drawing,high,80.2,P3,bathroom;bedroom;door;kitchen;living_room;wall;window,True,True,True,False
02847614ca21d569824f26d8c264cb39.jpg,400,314,line_drawing,high,80.1,P3,bathroom;bedroom;door;kitchen;living_room;wall;window,True,True,True,False
ab93f0b2f188e666e5108040de7c4f16.jpg,288,346,line_drawing,high,79.5,P3,bathroom;bedroom;door;kitchen;living_room;wall;window,True,True,True,False
25fc1fc5ada40f4c4a4881828ba61d85.jpg,344,275,line_drawing,high,79.4,P3,bathroom;bedroom;door;kitchen;living_room;wall;window,True,True,True,False
cff69165-3b2f-4c5d-916e-285fdf5491a7.jpg,400,363,furnished_color,high,78.6,P3,bathroom;bed;bedroom;chair;door;kitchen;living_room;sink;sofa;stove;table;toilet;wall;wardrobe;window,True,True,True,True
e77b8625b52db35998f008a72e9dec7f.jpg,564,376,furnished_color,high,77.4,P3,bathroom;bed;bedroom;chair;door;kitchen;living_room;sink;sofa;stove;table;toilet;wall;wardrobe;window,True,True,True,True
